{
  "model": "GIF: leaky membrane + spike-triggered adaptation current + dynamic threshold + reset",
  "C_pF": 66.30437639206167,
  "C_nF": 0.06630437639206167,
  "gL_nS": 9.877669802471097,
  "R_MOhm": 101.23845198285835,
  "tau_m_ms": 6.7125524256211015,
  "E_L_mV": -65.2440210949215,
  "eta_taus_ms": [
    3.0,
    10.0,
    30.0,
    100.0,
    300.0
  ],
  "eta_w_pA": [
    34.95379420222668,
    -11.894192744451102,
    23.344977638492534,
    -3.378004610522677,
    0.22173548970688012
  ],
  "k_eta": 0.4795799325601733,
  "V_T0_mV": -55.3386331231174,
  "V_r_mV": -61.83856070173791,
  "t_ref_ms": 3.452875706235358,
  "a_theta_mV": 4.117480816915361,
  "tau_theta_ms": 30.507925273088244,
  "dt_s": 0.0001,
  "template": [
    -55.03471295616491,
    -54.69406557978838,
    -54.335542863312575,
    -53.96079842366665,
    -53.57175549557352,
    -53.170004232347154,
    -52.75802040595997,
    -52.33652019002379,
    -51.907172770460015,
    -51.469373871734064,
    -51.02056918592089,
    -50.554018808032865,
    -50.04899594040162,
    -49.422156380911176,
    -47.856904880155426,
    -42.26151204923344,
    -29.034563074929835,
    -10.750262491902372,
    1.7148148132152854,
    3.5879446123947263,
    -2.5127221766357186,
    -11.953621615201909,
    -21.594157136687464,
    -29.87288345929605,
    -36.39282297559926,
    -41.34158451738276,
    -45.05166329086591,
    -47.829111034333735,
    -49.91651176851646,
    -51.494337184193625,
    -52.69515478298433,
    -53.61563850140357,
    -54.32609576765268,
    -54.87902561001957,
    -55.31144230187875,
    -55.65191537464908,
    -55.92161032174478,
    -56.13689123299496,
    -56.30961440293664,
    -56.4504859425609,
    -56.5663853379401,
    -56.66321861369031,
    -56.7453256748003,
    -56.81712699201024,
    -56.881290088533824,
    -56.940189289570384,
    -56.99566789030449,
    -57.047946080760184,
    -57.09723223925727,
    -57.14007918376158,
    -57.17221956380912,
    -57.19099302526428,
    -57.19938723817728,
    -57.196787972360035,
    -57.18749779745181,
    -57.174845519326446,
    -57.160956812783404,
    -57.154708011228934,
    -57.16148138630942,
    -57.18175581947754,
    -57.214877693802755,
    -57.253397387173266,
    -57.28710675879952,
    -57.31074627510247,
    -57.32734420211629,
    -57.33690423234734,
    -57.33668613690341,
    -57.32784985964152,
    -57.310383869574494,
    -57.28417458432303
  ],
  "template_onset_idx": 15,
  "units": {
    "C": "pF",
    "gL": "nS",
    "R": "MOhm",
    "tau": "ms",
    "V": "mV",
    "I": "pA",
    "t": "s",
    "eta_w": "pA",
    "a_theta": "mV"
  },
  "grading": {
    "metric": "Victor-Purpura distance per second",
    "q_per_s": 4.0,
    "spike_detection": "elbow v2 (2nd-derivative spike-initiation)"
  }
}